news_id,time,title
8342886719512100587,2019-11-22T14:11:36.472Z,外交部回应美舰擅闯我南海岛礁邻近海域：立即停止挑衅
2792009746485986268,2019-11-23T02:05:00.585Z,外交部：反对以航行自由为名损害中国主权和安全
7482929841193973152,2019-11-19T22:01:14.981Z,外交部回应美防长涉南海言论： 树欲静而风不止
1653964040411677455,2019-11-19T22:01:08.864Z,美防长称中国在南海活动威胁他国，中方：美方唯恐天下不乱
8373639572599268269,2019-11-19T18:09:48.222Z,外交部：美方“横行自由”才是南海局势紧张根源
8885895255184933839,2019-11-20T00:00:26.136Z,美防长指责中国在南海活动构成威胁 北京回应
4340549992823875970,2019-11-19T20:01:01.986Z,美防长称中国在南海活动威胁他国 中方：美方唯恐天下不乱
3191607715584401578,2019-11-27T14:15:56.704Z,韩国首提南海航海自由 韩媒：响应美国对华牵制战略
3499701686357512330,2019-11-22T10:11:32.698Z,外交部：反对以“航行自由”为借口损害中国主权安全
5672228381312199326,2019-11-20T00:00:24.049Z,美防长称反对使用恐吓手段 暗批中国走在错误的道路上
5871158436509657563,2019-11-19T18:00:40.420Z,美防长称中国在南海活动威胁他国 中方：美方才是南海和平的威胁
2896551864647141629,2019-11-22T12:14:36.826Z,美舰连续两天在南海非法活动，外交部：敦促美方不要逆势而动
7000656088542176450,2019-11-22T04:16:27.612Z,挑衅？美国派军舰连续两天闯中国南海岛礁 ，被我军海空兵力警告驱离
133871507983095719,2019-11-22T04:16:27.094Z,南部战区回应美舰擅闯我南海岛礁邻近海域
3019197898641071168,2019-11-22T04:16:41.706Z,南部战区新闻发言人就美舰擅闯我南海岛礁邻近海域发表谈话
248484317771594422,2019-11-22T04:04:53.596Z,南部战区：对擅闯我南海岛礁邻近海域美舰予以警告驱离
9029625390432541728,2019-11-22T06:04:45.893Z,南部战区发言人就美舰擅闯我南海岛礁邻近海域发表谈话
8347578053297919405,2019-11-22T18:10:29.852Z,美军舰连续两天在南海活动 北京警告勿逆势而动
8033391582250660201,2019-11-22T04:17:27.096Z,美军接连两天在南海行动 解放军警告驱离
6298063616155029340,2019-11-22T04:04:49.008Z,南部战区回应美舰擅闯中国南海岛礁邻近海域
1105977309665746013,2019-11-23T10:01:19.527Z,美军舰配合美防长近我南海岛礁，被中方警告驱离
2573827113993678053,2019-11-22T04:16:49.880Z,美军连续两天在南海挑衅！有新动向！
4793218100097278318,2019-11-22T04:17:38.640Z,[转帖]美军连续两天在南海挑衅！有新动向
8908908590321104077,2019-11-22T04:04:27.473Z,美军舰连续2天靠近南海岛礁 曾进美济礁12海里
5521934101073468717,2019-11-22T04:16:37.956Z,连续挑衅？美军宣称军舰连续两天靠近南海岛礁
1667655173538604395,2019-11-22T18:09:42.967Z,环球时报社评：美军舰闯我岛礁 搅局南海贼心不死
1944104860047059808,2019-11-23T06:07:15.577Z,秀肌肉还是搞营销？美军舰骚扰南海中方强烈抗议
8221578866402804073,2019-11-22T08:07:44.746Z,南部战区警告美国变花样当心发生不测
1582085773512720208,2019-11-22T14:07:58.211Z,美舰擅闯我西沙群岛领海 南部战区警告：耍诡计当心发生不测
5964670809544076721,2019-11-23T06:07:10.253Z,中美关系微妙之际美军舰再闯南海 舆论担忧双方擦枪走火风险
6033319016887520218,2019-11-23T06:00:33.720Z,环球时报：美军舰近我岛礁 就像在街头耍把式卖艺
6101804274693968399,2019-11-22T04:17:26.834Z,中方证实两艘美舰进入中国南沙岛礁近海 警告当心发生不测
8533968294657322744,2019-11-17T02:06:37.830Z,来者不善！美国军方官宣重大消息，专家：冲着南海来的
5244866825773884363,2019-11-22T02:15:15.284Z,无视魏凤和警告 美军舰连续两次驶近中国南海岛礁
4326010377344928106,2019-11-22T08:09:59.468Z,WECHAT_EMPTY_TITLE
1546203693641104633,2019-11-22T12:01:12.268Z,美军舰擅闯我岛礁与领海，外交部：美方不要逆势而动
9176086754538581243,2019-11-20T20:02:00.250Z,中越南海争端升温之际 美防长宣布为越南提供巡逻舰
2566047778193329924,2019-11-22T18:10:25.705Z,中美角力南海 “美核潜艇爆炸”流言搅局[图]
3049775257954696263,2019-11-23T10:09:46.192Z,美国炒作南海问题遭多方警告 东盟国家：不想和北京对立
1637925847879609433,2019-11-22T12:13:48.704Z,美军舰擅闯我岛礁与领海 耿爽：美方不要逆势而动
4170419540342109938,2019-11-25T18:09:33.512Z,原创 美军舰在南海挑事，我国防部撂下这句话后，东部战区开展实弹训练
1352714983829317562,2019-11-26T20:01:41.148Z,中国曝南海采油数据 南沙美济岛现神秘设备[图]
2284255548908322205,2019-11-28T20:01:34.003Z,曝中国南沙三岛最新照 造岛曾致20人身亡[视频]
8774531794947595750,2019-11-18T00:03:42.442Z,东盟防长非正式会议 聚焦南海和罗兴亚问题
8179297753317919392,2019-11-22T12:14:25.660Z,原创 美防长访问越南之际，美舰无视警告连续两天闯入，惨遭舰机驱离！
6125298196055411302,2019-11-22T12:13:32.163Z,美军舰多次擅闯我岛礁领海 耿爽：敦促美方停止挑衅，不要逆势而动
6036142307016022353,2019-11-24T04:08:42.928Z,这一次，美国两艘军舰来南海挑衅，中方这样回应！
2902014710893021095,2019-11-22T14:06:27.738Z,两艘美舰擅闯我南海岛礁邻近海域 有一艘还是“惯犯”
8281773468183301377,2019-11-23T06:07:33.632Z,谁才是南海地区的“麻烦制造者”？答案不言自明
2767390991305499338,2019-11-22T18:10:25.838Z,美军舰过南中国海，中国警告停止挑衅
6696973789372691335,2019-11-23T04:00:21.567Z,"​美军舰南海""挑事""碰一鼻子灰 兴风作浪不会有结果"
1721914802656664174,2019-11-20T06:31:17.539Z,魏凤和警告话音未落 美防长确认：美菲条约涵盖南海
2368089117517807841,2019-11-23T06:08:05.340Z,[转帖]南海发生疑似爆炸 美军核潜艇出事？事件真相还原
1346701186381307285,2019-11-23T06:08:04.678Z,"[转帖]美军舰南海""挑事""碰一鼻子灰"
2385114487525093610,2019-11-23T04:01:22.002Z,美军舰南海“挑事”碰一鼻子灰 兴风作浪不会有结果
5427882909649305797,2019-11-22T08:14:33.317Z,美军舰擅闯南海岛礁 南部战区发言人:坚决捍卫主权
2293637195873533881,2019-11-17T12:07:41.933Z,原创 南海一幕令美拳师号舰长至今心有余悸，美航母被7艘中方军舰围堵
4250269270068675782,2019-11-23T06:07:03.348Z,美舰又来我南海挑衅 中国军方这次撂下一句重话
7165171117343553344,2019-11-22T12:13:31.585Z,美舰又来我南海挑衅，中国军方这次撂下一句重话！
5697847617113218278,2019-11-19T20:01:50.272Z,外交部就蓬佩奥错误涉港言论、中方在南海活动等答问
7768622662717283522,2019-11-19T20:01:10.803Z,11月19日外交部例行记者会(全文)
2292963465857428188,2019-11-26T14:16:20.507Z,原创 美舰驶入12海里遭驱逐后，日加澳出动大批军舰，扬言维护南海秩序
4126297906362433932,2019-11-22T18:10:26.858Z,美舰巡弋南中国海 北京愤怒
3774060956128984427,2019-11-24T02:06:35.435Z,中美举行联合演练之时 美军今年第8次闯南海岛礁
8621524303038962244,2019-11-23T20:01:06.558Z,外媒：中方促美勿来南海挑衅冒险
1740500602207145651,2019-11-24T02:06:33.092Z,美军台海南海挑衅频次烈度提高，专家：应重点加强危机管控
3153131736706762788,2019-11-18T15:23:45.249Z,原创 为响应自由巡逻，德军计划派出军舰到南海，默克尔：你没见美军狼狈样吗？
2693644113635666854,2019-11-20T00:00:21.278Z,美防长促南中国海争端相关国家共同表态 推中国走上正轨
6155630096143674366,2019-11-23T04:06:49.256Z,广东7市试点城市医疗联合体｜第十七届广州车展开幕
3141674087636300270,2019-11-20T10:13:32.497Z,中国大陆航母通过台湾海峡 台湾感到压力
999821460698615504,2019-11-16T14:09:25.363Z,原创 在中方的“联动”下，18国军队齐聚中国，提高共同应对威胁的能力
2186664993623195574,2019-11-22T18:09:34.346Z,美军文武高官同时开展军事外交“攻势”，表面风光但收效甚微
1965045675319542084,2019-11-22T18:09:43.815Z,美军文武高官同时开展军事外交“攻势” 收效甚微
1473899722845853533,2019-11-22T18:09:34.190Z,“中国南海海底发生核爆”？！告诉你怎么回事
2543439841279856053,2019-11-19T22:01:10.014Z,外交部回应美国务卿涉港言论：看似公允实则双标
2256751313428687362,2019-11-23T00:04:06.813Z,“中国南海海底发生核爆”！这里告诉你到底是怎么回事
514915761743130579,2019-11-27T10:18:59.036Z,原创 这次已不是美国，又一大国海军想来南海搞事，女防长释放危险信号
6027329732907801862,2019-11-25T04:19:03.399Z,原创 千载难逢的契机！美英霸占别国岛屿 中国海军以牙还牙该出击了
5698170921845462342,2019-11-24T20:01:33.615Z,[原创]加拿大是夹在苏联和美国这个三明治中的火腿
362339593364793297,2019-11-22T04:17:16.678Z,南部战区：敦促美军机舰停止挑衅冒险 以免发生不测
3259148142988187593,2019-11-22T18:01:18.526Z,美报告显示中国赴美留学生增长率放缓 外交部：希在明年报告里看到积极变化
4975017583266881873,2019-11-22T12:13:45.542Z,11月22日外交部例行记者会(全文)
6005614569332914225,2019-11-17T12:07:40.070Z,国产航母驶入台湾海峡 专家：预计将很快交付部队
3266428948152857580,2019-11-18T02:02:29.743Z,两“台独”官宣合流 当日国产航母驶入台湾海峡
5927916413834483040,2019-11-18T02:12:27.250Z,真巧，国产航母今天驶入台湾海峡
4318781801784241428,2019-11-29T04:18:05.092Z,李光满：美国要中国的钱，更要中国的命！
8452578455728201294,2019-11-29T20:02:24.486Z,[转帖]李光满：美国要中国的钱，更要中国的命
9138606030351418806,2019-11-30T20:01:12.340Z,[原创]世界面临百年之未有大变局！
7509106408259156465,2019-11-29T04:18:18.592Z,[原创]让爱国主义在每个人心中生根发芽
8412216597374456304,2019-11-28T10:20:22.908Z,[原创]美国执政当局已走上了全人类的对立面！
4264364145542961403,2019-11-24T04:00:23.781Z,围观中国：特朗普对习近平一词不满 中防长发出强硬警告
7813052699559878472,2019-11-20T00:00:25.402Z,美专家建议学中国，政府介入引导高科技发展
8708294400609995474,2019-11-29T10:15:40.264Z,三亚三日：冬日里的温暖与回味
3494583011960039944,2019-11-30T06:10:22.555Z,[转帖]三亚三日：冬日里的温暖与回味
353357553863947921,2019-11-27T10:19:42.532Z,外交部三问美国驻德大使：这样的美国能和中国相提并论吗？
1265007181247413355,2019-11-27T10:01:06.444Z,外交部驳斥美大使言论：美国无法在道德层面同中国相提并论
4024708739804095510,2019-11-28T02:18:41.332Z,[转帖]“这样的美国，能和中国相提并论吗？”
3885087186254950734,2019-11-27T20:01:16.192Z,外交部发言人：这样的美国能和中国相提并论吗？
1644815822755042625,2019-11-28T06:11:06.934Z,“这样的美国，能和中国相提并论吗？”
3364952588897229021,2019-11-27T14:15:56.782Z,中国外交部：美国无法同中国相提并论
4843376903280021455,2019-11-27T10:19:43.585Z,外交部连发三问：这样的美国能和中国相提并论吗？
675036005546847993,2019-11-27T14:04:18.532Z,外交部发言人：“这样的美国，能和中国相提并论吗？”
1498128519556042527,2019-11-27T10:09:27.315Z,耿爽：这样的美国，能和中国相提并论吗？
7349761097062670957,2019-11-27T12:03:51.217Z,中美无法在道德上相提并论？耿爽：确实，美国能和中国相提并论吗？
2774643893230316377,2019-11-22T12:14:36.617Z,马来西亚逮捕680名涉及电信诈骗的中国公民 外交部：支持打击犯罪
4304887084938981263,2019-11-20T06:30:32.756Z,智通港股早知道︱（11月20日）降息憧憬港股底部现支撑，风险偏好上升强势股表现有望持续
6579548519129483402,2019-11-27T14:14:56.779Z,美大使说中美无法在道德上相提并论，耿爽这样回应
7360179907113223058,2019-11-28T02:17:16.187Z,耿爽问了三次：这样的美国 能和中国相提并论吗？
3671929359395326389,2019-11-25T18:09:29.391Z,原创 美国坑盟友从来不手软：澳大利亚采购72架F
5272340427957515519,2019-11-27T14:02:22.729Z,外交部三问美国驻德大使:这样的美国，能和中国相提并论吗？
